15923,TIN
60133,UNT
83681,TIN
65507,UNT
12588,TIN
34263,TIN
49139,TIN
58995,TIN
88490,UNT
46444,TIN
60587,UNT
70569,TIN
44546,TIN
51628,UNT
30899,UNT
40110,TIN
15998,TIN
96457,UNT
70841,TIN
46139,TIN
80947,TIN
40386,TIN
98916,UNT
32190,UNT
27550,TIN
24040,TIN
73516,UNT
88905,TIN
42112,UNT
37740,UNT
72405,TIN
47445,UNT
27158,TIN
17183,UNT
42325,UNT
15180,TIN
58026,UNT
81352,UNT
33133,UNT
91036,UNT
22882,UNT
40842,UNT
73612,UNT
15815,UNT
24049,UNT
79204,TIN
46229,TIN
42196,TIN
34669,UNT
34575,UNT
20357,UNT
52445,UNT
10991,UNT
57135,UNT
72369,TIN
42192,TIN
43587,UNT
10684,TIN
41553,UNT
62986,TIN
70051,TIN
73642,UNT
10727,UNT
11645,UNT
72274,UNT
21524,UNT
84579,TIN
59519,UNT
51386,UNT
10918,UNT
57541,UNT
25125,UNT
61295,TIN
53351,UNT
25463,UNT
85613,UNT
85886,UNT
54621,TIN
80397,UNT
68875,TIN
67926,TIN
41588,UNT
51948,TIN
28196,UNT
50376,TIN
45304,UNT
27228,UNT
57326,UNT
88221,UNT
17714,UNT
97610,UNT
63048,TIN
30075,TIN
60466,UNT
25685,TIN
16333,UNT
78417,UNT
51525,TIN
84550,UNT
23530,UNT
57284,UNT
59700,TIN
13433,UNT
80197,UNT
79309,UNT
47696,UNT
71294,UNT
55633,TIN
87934,UNT
57732,TIN
27455,UNT
83466,UNT
48657,TIN
89635,TIN
89603,TIN
86611,TIN
12193,UNT
63985,TIN
20522,UNT
94260,TIN
70324,TIN
89329,UNT
11100,UNT
83240,TIN
81890,TIN
72037,UNT
78301,TIN
94607,TIN
72531,UNT
98575,TIN
58342,TIN
39429,TIN
18786,UNT
35785,TIN
67049,TIN
82273,TIN
98216,UNT
37649,TIN
14582,UNT
59751,UNT
92215,UNT
22311,UNT
75125,TIN
21354,UNT
22594,UNT
19410,TIN
33394,TIN
56513,UNT
59691,TIN
41997,UNT
56637,TIN
19815,TIN
97410,UNT
77746,TIN
17704,TIN
61674,UNT
39860,UNT
21826,TIN
79934,UNT
55048,UNT
76833,UNT
55832,UNT
32056,UNT
67841,TIN
94427,TIN
96594,UNT
62689,UNT
35968,UNT
14516,TIN
15866,TIN
57185,UNT
91430,TIN
29203,UNT
27913,UNT
53325,UNT
46410,UNT
26072,TIN
16856,UNT
89200,UNT
45269,TIN
15437,TIN
91472,TIN
98531,UNT
43753,TIN
98685,TIN
31665,UNT
38732,UNT
46983,TIN
22067,TIN
79756,UNT
99563,UNT
23542,TIN
83416,UNT
67418,UNT
58632,TIN
35612,UNT
96905,UNT
79778,UNT
90328,TIN
71350,TIN
43782,UNT
58287,UNT
32061,TIN
63129,UNT
74797,UNT
25177,UNT
87428,UNT
39400,UNT
62788,UNT
88745,UNT
70443,UNT
90327,TIN
65545,UNT
58543,UNT
79222,TIN
72401,UNT
31354,TIN
29008,UNT
41590,UNT
72523,UNT
14640,UNT
74909,TIN
96397,UNT
34030,TIN
69073,UNT
29113,UNT
11286,TIN
41821,TIN
76379,UNT
52080,UNT
51762,UNT
71592,TIN
78688,UNT
76135,UNT
30778,TIN
22569,TIN
48938,TIN
41438,TIN
73439,UNT
67018,TIN
